PAEZ, David Lance V.	ABEJAR, James Timothy H.
LAZARO, Andreanna Carmen E.	ABION, Yuki Patricia A.
SYLIONGTAY, Aeron Lester N.	ACOSTA, Jose Iñigo
RAMOS, Alexa Meriel S.	AGBAYANI, Abigail Judith P.
GO, Raecie Joslyn A.	AGBAYANI, Samantha Marie P.
ARANETA, Jose Juan Carlos B.	AGUINALDO, Miguel Anton V.
BORJA, Vinzen Josh L.	ALARCON, Ken Miguel V.
VALENCIA, Brent Andre P	ALDE, Jose Emmanuel S.
TOMELDEN, Maxwell Bennet Q.	ANGLIONGTO, Arabela
CURATIVO, Gwen Heather R.	AQUINDE, Andrea Milana C.
SAMSON, Pocholo S.	AQUINO, Rafael Alfonso H.
VELILLA, Vince A.	AQUINO, Rafael Alfonso H.
PO, Regina Lora L.	AQUINO, Regina S.
SON, Moira Genevieve H.	ARANDIA, Chloe Ysabel F.
MENDOZA, Miguel Franco S.	ARANETA, Veronica Marie M.
AQUINO, Rafael Alfonso H.	ARANETA, Veronica Marie M.
REONAL, Janelle D.	ARCEÑO, Matthew Frederick R.
BERDIN, Danica Julienne L	ARIDIDON, Alyzza Reign B.
SIAO, Alexandria L.	ASPE, Maria Julia Patricia M.
NARCISO, Catarina Maria V.	ASPE, Maria Julia Patricia M.
SEE, Justin Seth H.	ATIENZA, Deric T.
SARROSA, Regina Louise B.	AZURIN, Mia Rosabel Grace P.
SANTOS, Isabell	AZURIN, Mia Rosabel Grace P.
BANOCNOC, Ysabelle May M.	BACUD, Mary Antoinette L.
DE GUZMAN, Caitlin Marie B.	BALBURIAS, Miguel Joachim B.
JORDAN, Sydney Miyen M	BANOCNOC, Ysabelle May M.
BUNYE, Kean Lance P.	BAQUIRAN, Miguel Lorenzo G.
GUERRERO, Sophia Simone A.	BAQUIRAN, Miguel Lorenzo G.
GUZMAN, Ma. Isabelle I.	BARADAS, Caitlin Jillian F.
TI, Georgina C.	BARADAS, Caitlin Jillian F.
GOLEZ, Beatrice Isabel S.	BARITUGO, Maya Gabrielle L.
SONOY, Traci Mireille G.	BATALLA, Cristina S.
PARUNGO, Manuel Paolo	BAUTISTA, Maria Sofia
VICENTE, Sabina Mariel S.	BAYONETA, Julia Yoana P.
AZURIN, Mia Rosabel Grace P.	BELENA, Erika V.
GONZALES, Josh Angelo P.	BENGZON, Francesca Anne V.
TEKIKO, Joey Aoshi R.	BENGZON, Francesca Anne V.
MENESES, John Vincent V.	BERDIN, Katlyn Joy B.
VALDEZ, Juliana Ysabelle S.	BERNARDO, Gabrielle P.
MERCADO, John Lorenze G.	BORJA, Vinzen Josh L.
ABEJAR, James Timothy H.	BORJA, Vinzen Josh L.
AFABLE, Joaquin Eduardo M	BURCE, Hazel
FELIZARTA, Shania Dominique S.	CAJUCOM, Andrea Maxine C.
LIM, Katherine Elise T.	CALUPITAN, Godwin Jacob M.
QUERIJERO, Joseph Dominic T.	CALUPITAN, Godwin Jacob M.
HALILI, Ma. Mikaela Eugenie A.	CANIVEL, Christopher Kobe C.
REYES, Rafael Alvaro R.	CANIVEL, Christopher Kobe C.
ESPINO, Isaiah Gabriel N.	CANLAS, Mikko Angelo D.
REYES, Jae Venice A.	CANTONA, Keithzi Rhaz
ARIDIDON, Alyzza Reign B.	CANTONA, Keithzi Rhaz
UYGUANGCO, Enrico Raphael P.	CAYANGA, Timothy Gunther S.
QUE PUA, Julianne Cerise C.	CHAN, Princess C.
DUNGO, Adrian Gabriel A.	CHAN, Ryan Patrick C.
MORENO, Juan Orlando C	CHAN, Ryan Patrick C.
VARGAS, Nicole Ann E.	CHENG, Johnne Lois T.
FESTEJO, Nyla Faye D.R.	CHUA, Carina Monica A.
DE GUZMAN, Jaime Alfonso S.	CHUANICO, Reimund Antoni G.
TAN, Mikaela Marie Y.	CHUASIAOKONG, Kyla Louise A.
OSMENA, Monique E.	CHUASIAOKONG, Kyla Louise A.
DELA CRUZ, Ariane Dominique D.	CHUAUNSU, Lara Victoria P.
FERNANDO, Jose Mateo Emmanuel F.	CHUAUNSU, Lara Victoria P.
GATCHALIAN, Andre Ysmael M.	CO, Angelo Brian S.
CANTONA, Keithzi Rhaz	CO, Maxinne Louise Dominique L.
AQUINDE, Andrea Milana C.	CO, Maxinne Louise Dominique L.
DY-LIACCO, Chloe Marie M.	CONSUNJI, Joella Marie O.
TAN, Saskia Bernice C.	CONSUNJI, Joella Marie O.
HIZON, Kirsten P.	COROS, Marco Luis G.
BENGZON, Francesca Anne V.	COSCOLLUELA, Maria Annika D.
LLAMAS, Alessandra Beatrice E.	CRISOLOGO, Gianna Martinne I.
ELMA, Alexander Ivan C.	CRUZ, Julia Isabelle L.
CABREIRA, Maria Sabine	CRUZ, Jyone Sebastian R.
GO, Destiny Carell R.	CRUZ, Jyone Sebastian R.
TIAOQUI, Ana Mattia G.	CURATIVO, Gwen Heather R.
SIM, Cristina Marie C.	DA SILVA, Ma. Kristina Ysabel P.
BARITUGO, Maya Gabrielle L.	DAVID, Estelle Louise
SOON, Riane Ailey S.	DE CASTRO, Ashley Mae A.
GAWSON, Julianna Bettina S.	DE CASTRO, Ashley Mae A.
REJANO, Jose Paolo T.	DE CASTRO, Leovigildo Ramon III A.
ROSELLO, Juan Iñaki S.	DE CASTRO, Leovigildo Ramon III A.
SONCADOS, Reignel S.	DE GUZMAN, Caitlin Marie B.
DUREMDES, Leonardo Emmanuel O.	DE GUZMAN, Caitlin Marie B.
CRUZ, Jyone Sebastian R.	DE GUZMAN, Jaime Alfonso S.
KING, Anika Gayle K.	DE LOS SANTOS, Juliene M.
LIM, Kyne Derrick	DE LUNA, Frances Camille
ROXAS, Haley Kirsten Joanne Cruz	DEBLOIS, Mikan I.
GONZALEZ, Hans Rinaldi B.	DECENA, Earl Marion O.
SANIL, John Carlos T.	DEL ROSARIO, Theresia
PARAGAS, Ruth Anika B.	DELA CRUZ, Ariane Dominique D.
SERRA, Maria Sofia Luis B.	DELA CRUZ, Julianna Therese E.
ESPINAR, Andrea B.	DELA CRUZ, Julianna Therese E.
CHAN, Princess C.	DELA PEÑA, Jhon Fhelip A.
PALACIO, Anna Julienne Z.	DELA ROSA, Alliyah Nicole
RAVAGO, Maria Beatrice B.	DERPO, Alexandra Therese B.
LUI, Beatrice Anne C.	DERPO, Alexandra Therese B.
PANDI, Jasmin G.	DIAZ, Aleena Regine Y.
BAQUIRAN, Miguel Lorenzo G.	DIMAGUILA, Daniella G.
ASPE, Maria Julia Patricia M.	DIMAGUILA, Daniella G.
POE, Ma. Ysabel Aurora A.	DIZON, Ryen Gabriel M.
TANTOCO, Ricardo Nicolo O.	DIZON, Ryen Gabriel M.
PEDRAJA, Kleid L.	DOMINGUEZ, Elian Santino C.
SUAREZ, Louella Jade R.	DUNGO, Adrian Gabriel A.
CO, Angelo Brian S.	DUNGO, Adrian Gabriel A.
LEDESMA, Alphonsus Linus L.	DUREMDES, Leonardo Emmanuel O.
DE CASTRO, Ashley Mae A.	DY-LIACCO, Chloe Marie M.
NGOSIOK, Shannen Nicole Y.	DY, Sophia Angela S.
PAJENAGO, Vincent Mitzi R.	EGUIA, Patricia Mae B.
LIMGENCO, Paul Jared IV C.	EHIDO, Johanna Therese C.
WEEHANSUH, Janae Faith S.	ERMITA, Carina Marie O.
DEBLOIS, Mikan I.	ESCALANTE, Erin Jessica D.
LAVA, Safina Francesca Therese E.	ESLABON, Raine Isabel L.
BUENASEDA, Miguel Paolo M.	ESPINO, Isaiah Gabriel N.
MAGTIBAY, Jose Iñigo M.	ESPINO, Isaiah Gabriel N.
REYES, Sophia Margarita U.	ESTRELLA, Alessandra Marie G.
SOLIVEN, Maria Thea L.	ESTRELLA, Alessandra Marie G.
EHIDO, Johanna Therese C.	ESTRELLA, Paula Francesca G.
CRISOLOGO, Gianna Martinne I.	FELIZARTA, Shania Dominique S.
CRUZ, Julia Isabelle L.	FERNANDO, Liana Gabrielle L.
CHUAUNSU, Lara Victoria P.	FILIO, Isaiah Rey C.
MENDOZA, Maverick Charles B.	FORNEA, Janelle Dzane H.
SAN JUAN, Joshua Victor C.	GANA, Petrina
HIZON, Joschen P.	GARCIA, Ariana S.
TAN, Paris Noelle C.	GARCIA, Jericko Joseph D.
TRILLANA, Ana Francesca Eugenie F.	GARCIA, Regina S.
LIM, Thomas Jared B.	GATCHALIAN, Andre Ysmael M.
TANILON, Eunice Gayle Y.	GATCHALIAN, Gabriel John A.
CALUPITAN, Godwin Jacob M.	GEROCHI, Michael Teodoro P.
DE CASTRO, Leovigildo Ramon III A.	GO TIONG, Mikaela Gabrielle T.
HOCSON, Ma. Beatriz Angela A.	GO TIONG, Mikaela Gabrielle T.
ESCALANTE, Erin Jessica D.	GO, Destiny Carell R.
MALAKI, Samantha Claire M.	GO, Raecie Joslyn A.
EUSEBIO, Maria Martina Andrea O.	GOCHIAN, Alexandra Brianne B.
REYES, Francesca Gabrielle G.	GOLEZ, Beatrice Isabel S.
MARASIGAN, Jerick Ivan C.	GONZAGA, Thea Petricia M.
SISON, Isabelle Therese B.	GONZALEZ, Hans Rinaldi B.
MILLA, Dorothea Jelena C.	GUERRERO, Bianca Ysabel O.
FERNANDO, Liana Gabrielle L.	GUERRERO, Daniella Annika A.
BARLUADO, Mary Gabrielle G.	GUERRERO, Daniella Annika A.
MANGIO, Gian Paulo V.	GUERRERO, Sophia Simone A.
CO, Maxinne Louise Dominique L.	GUZMAN, Ma. Isabelle I.
REGALA, Katherine R.	GUZMAN, Ma. Isabelle I.
BIACORA, Rachelle Anne P.	HAYCO, Evonne Valerie O.
MINERVA, Mico Lorenzo L.	HAYCO, Evonne Valerie O.
LINGAD, Ernich Robert II C.	HENSON, Isen Roi D.
SAN PABLO, Rovienn D.	HERBOSA, Alessandro Lorenzo F.
TAN, Bianca Louise G.	HIZON, Jody P.
TAN, Johann Jason Eashoa C.	HIZON, Kirsten P.
MACEDA, Ernest Alexander V.	HOCSON, Andrea Betina C.
BELENA, Erika V.	HOCSON, Ma. Beatriz Angela A.
LEONGSON, Reihan Seth E.	ILAGAN, Jose Ramon S.
MARTINEZ, Karelle Vanessa A.	IRIOLA, Emmanuel T.
MONSANTO, Luis Miguel T.	JACINTO, Jeremy J.
PRADO, Ayezza Andronica Faith B.	JARA, Francine Marie S.
PEYRA, Alyssa Kirsten R.	JAURIGUE, Camille Victoria G.
DAVID, Joannsen Myrna H	KING, Anika Gayle K.
ENRIQUEZ, Jeorgette Sophia Palermo	LATOJA, Aine Kirstie E.
HENSON, Isen Roi D.	LAYUG, Franz Andrei A.
IGNACIO, Nathan John S.	LAYUG, Franz Andrei A.
SANTOS, Raphael Luis T.	LAYUG, Franz Andrei A.
NATERA, James Vincent T.	LEDA, Angelique P.
PANGANIBAN, Julia Luisa G.	LEDA, Angelique P.
MATUTINA, Lorenzo S.	LEDESMA, Chiara Marie Angelique S.
MAYUGA, Kirsten Ashley L.	LEDESMA, Chiara Marie Angelique S.
CHAN, Ryan Patrick C.	LEE, Richley Stefan G.
PEDREZUELA, Qatrina France D.	LIM, Katherine Elise T.
TAN, Kenrick Steven T.	LIM, Kyne Derrick
SAULO, Bryce Benedict C.	LIM, Thomas Jared B.
MONTECLAR, Leia Yzabel Y.	LIMGENCO, Paul Jared IV C.
ALDE, Jose Emmanuel S.	LIMLENGCO, Astrud Lauren C.
ROSALES, Alyanna Gabrielle E.	LIMLENGCO, Astrud Lauren C.
JARA, Floriane Clairmarie S.	LLAMAS, Alessandra Beatrice E.
ESTRELLA, Paula Francesca G.	LLAMAS, Alessandra Beatrice E.
MALONZO, Zyrus Kyle Q.	LOJO, Paul Lester L.
UY, Charles Joshua T.	LOPEZ, Juan Miguel S.
LATOJA, Aine Kirstie E.	LOZANO, Enya Marguerite A.
CANLAS, Mikko Angelo D.	LU, Stephannie Kate T.
COSCOLLUELA, Maria Annika D.	LU, Stephannie Kate T.
RIVERA, Iñigo Maria Gabriel N.	MAGTIBAY, Jose Iñigo M.
PATAWARAN, Kaiser Anthony F.	MAGTIBAY, Jose Iñigo M.
PANLILIO, Cher Othella Margaret T.	MAGTIBAY, Paolo Raphael G.
FILIO, Isaiah Rey C.	MALLILLIN, Ian Dominic II
EGUIA, Patricia Mae B.	MAMARIL, Meriza Desiree L.
AGBAYANI, Abigail Judith P.	MANALANG, Annika Adrienne T.
NAVARRA, Abigail Julia A. A.	MANERE, Mary Francheska L.
FERNANDEZ, Marcus C	MANGIO, Gian Paulo V.
SIERRA, Lorenzo Joseph S.	MANGIO, Gian Paulo V.
LOPEZ, Juan Miguel S.	MANSUETO, Stephen Daeniel
MASLOG, Luis Gabriel S.	MARCELINO, James Adrian D.
PORTA, Edward Joseph B	MARTINEZ, Karelle Vanessa A.
PATERNO, Gabrielle Bernice E.	MASAGCA, Nicole A.
CONSUNJI, Joella Marie O.	MATUTINA, Lorenzo S.
SOLIS, Alfredo III	MATUTINA, Lorenzo S. Matutina
DELA CRUZ, Julianna Therese E.	MAYUGA, Kirsten Ashley L.
GONZALEZ, Danielle	MAYUGA, Kirsten Ashley L.
PANINGBATAN, Roniel A.	MEARNS, Jeff Nathan E.
CANIVEL, Christopher Kobe C.	MEARNS, Jeff Nathan E.
TAN, Mireille G.	MENDOZA, Jay Martin V.
TANG, Jacob Tyler S	MENDOZA, Maverick Charles B.
BARADAS, Caitlin Jillian F.	MENDOZA, Miguel Franco S.
ONG, Brandon Zachary C.	MENDOZA, Miguel Franco S.
JACINTO, Jeremy J.	MENDOZA, Miguel Franco S.
CUSTODIO, Luis Gabriel R,	MENESES, John Vincent V.
LUNA, Kristoffer Andrei Pusta	MERCADO, John Lorenze G.
PORRAS, Shan Alecxander L.	MILLA, Dorothea Jelena C.
TSUI, Victoria Therese R.	MINERVA, Mico Lorenzo L.
GONZAGA, Thea Petricia M.	MONSANTO, Luis Miguel T.
SANCHEZ, Ashlyn Bless C	MONTECLAR, Leia Yzabel Y.
SANTOS, Alexis Javier T.	MONTOYA, Annika Therese A.
BACUD, Mary Antoinette L.	MONTOYA, Annika Therese A.
RODRIGUEZ, Reeve Paula S.	MORENO, Lorenzo Enrique C.
DELA ROSA, Alliyah Nicole	MURGA, Isabella Francesca S.
PRATS, Amanda Brianna D.	NARCISO, Catarina Maria V.
TINIO, Julian Jacob E.	NATERA, James Vincent T.
DIAZ, Aleena Regine Y.	NAVAL, Alexandra Mariel S.
MENDOZA, Jay Martin V.	NAVAL, Sofia Cristiana S.
GARCIA, Jericko Joseph D.	NAVAL, Stephanie Angelica S.
	NAVAL, Victoria Isabell
PELAEZ, Kamina Ysabel Angeles L.	NAVAL, Victoria Isabelle S.
LLOYD, Sophia Ann C.	NAVARRA, Abigail Julia A. A.
REHAL, Malaika Amani P	OCAMPO, Brouel Rochester P.
CARREON, Amiel Gabriel C.	OPAGUE, Charles Denver M.
MONTOYA, Annika Therese A.	OSMENA, Monique E.
WANG, Cha Hua C.	OZAWA, Otoha H.
LLEANG, Tim Aiken M.	OZAWA, Otoha H.
AGBAYANI, Samantha Marie P.	PALACIO, Anna Julienne Z.
LIMLENGCO, Astrud Lauren C.	PALACIO, Anna Julienne Z.
DERPO, Alexandra Therese B.	PALAGANAS, Sachiko Grace G.
BASALLO, Claire Louisse L.	PANDI, Jasmin G.
PEDROSA, Maria Daniela Sofia S.	PANDI, Jasmin G.
NAVAL, Alexandra Mariel S.	PANGANIBAN, Julia Luisa G.
PROTESTA, Maria Yula Sabrina A.	PANGILINAN, Angel Gabrielle P.
MANALANG, Annika Adrienne T.	PANGILINAN, Angel Gabrielle P.
TY, Jacob Nicholas H.	PANINGBATAN, Roniel A.
ANGELES, Yasmin Yra M.	PANLILIO, Cher Othella Margaret T.
CHAVEZ, Elmina Rai B	PARAGAS, Ruth Anika B.
SARROSA, Ma. Isabel Micaela C.	PARUNGO, Manuel Paolo
BERDIN, Katlyn Joy B.	PATAWARAN, Kaiser Anthony F.
CHEN, Raj Alexander M.	PATAWARAN, Kaiser Anthony F.
DE LOS SANTOS, Juliene M.	PATERNO, Gabrielle Bernice E.
CASTOR, Josh Nestor DS.	PEDRAJA, Kleid L.
SUZARA, Matteo Francesco M.	PEDRAJA, Kleid L.
LAYUG, Franz Andrei A.	PEDRAJA, Kleid L.
SANGALANG, Earvin Kendrick C	PEDREZUELA, Qatrina France D.
PUNO, Romano Santino Lauro	PENEYRA, Matteo Reuben B.
DELA CRUZ, Patricia Alexandra M	PEYRA, Alyssa Kirsten R.
CHENG, Johnne Lois T.	PO, Regina Lora L.
MANERE, Mary Francheska L.	PRATS, Amanda Brianna D.
DIAZ, Dominique Ashley S.	PROTESTA, Maria Yula Sabrina A.
FLORENTINO, Caoimhe Siri B.	QUE PUA, Julianne Cerise C.
QUIJOTE, Luigi O.	QUERIJERO, Joseph Dominic T.
TAN, Gavin Rain B.	QUIAMBAO, Mac Arsen L.
CRUZ, Francesca Marie B.	RAFER, Annika Beatrice P.
YSRAEL, Julianne Francesca B.	RAFER, Annika Beatrice P.
SANTILICES, Christian Oswald S.	RAMOS, Alexa Meriel S.
ALVAREZ, Peter Joseph B.	RAMOS, Alexa Meriel S.
ERMITA, Carina Marie O.	RAVAGO, Maria Beatrice B.
PALAGANAS, Sachiko Grace G.	RECIO, Nina Guada M.
DY, Sophia Angela S.	REGALA, Katherine R.
FERNANDEZ, Reigne Ryan S.	REJANO, Jose Paolo T.
CONEJOS, Danielle Rowan B	REYES, Gabriella O.
YAP, Henry III T.	REYES, Louise Ada N.
CHUA, Kyra Louise J.	REYES, Rafael Alvaro R.
LIMQUIACO, Philippe Mikhael Y.	REYES, Rafael Alvaro R.
DE VILLA, Marie Therese B.	REYES, Trisha Anne K.
GABATON, Mary Beatrice U.	REYES, Trisha Anne K.
GEROCHI, Michael Teodoro P.	RICAFORT, Jose Raphael Marco P.
SANCHEZ, Enrico Gerard S.	RICAFORT, Jose Raphael Marco P.
MARCELINO, James Adrian D.	RICAFORT, Samantha Marita F.
OCAMPO, Brouel Rochester P.	RIVERA, Iñigo Maria Gabriel N.
TORRES, Jana Alexi Q.	RODIL, Maria Isabel Francesca O.
DELA PEÑA, Jhon Fhelip A.	RODRIGUEZ, Reeve Paula S.
NAVAL, Sofia Cristiana S.	ROSALES, Alyanna Gabrielle E.
TIANGCO, Adriane Zen Y.	ROSELLO, Juan Iñaki S.
BALBURIAS, Miguel Joachim B.	ROSELLO, Juan Iñaki S.
ATIENZA, Deric T.	SAMSON, Pocholo S.
CAJUCOM, Andrea Maxine C.	SAN JUAN, Joshua Victor C.
GO TIONG, Mikaela Gabrielle T.	SAN JUAN, Joshua Victor C.
MENDOZA, Bettina Alyssandra A.	SAN JUAN, Joshua Victor C.
RAFER, Annika Beatrice P.	SAN PABLO, Rovienn D.
RICAFORT, Jose Raphael Marco P.	SAN PABLO, Rovienn D.
SEE, Johann Sean H.	SANCHEZ, Enrico Gerard S.
SARABIA, Christian	SANIL, John Carlos T.
BERNARDO, Gabrielle P.	SANTOS, Isabell
SY, Livvy V.	SANTOS, Raphael Luis T.
BAUTISTA, James Benedict L.	SANTOS, Raphael Luis T.
ARCEÑO, Matthew Frederick R.	SARABIA, Christian
GARCIA, Regina S.	SARROSA, Regina Louise B.
HIZON, Jody P.	SEE, Johann Sean H.
COSCOLLUELA, Carlos Roberto Francisco IV D.	SEGOVIA, Maria Thyla Friska A.
ARANDIA, Chloe Ysabel F.	SERRA, Maria Sofia Luis B.
REYES, Trisha Anne K.	SERRANO, Martina Dominique J.
BURCE, Hazel	SIAO, Alexandria L.
YLAGAN, Mariane Dominique F.	SIM, Cristina Marie C.
MASAGCA, Nicole A.	SIM, Cristina Marie C.
UNTAL, Dawn Godfaith S.	SISON, Isabelle Therese B.
DA SILVA, Ma. Kristina Ysabel P.	SITOSTA, Andrei Theodore
DIMAGUILA, Daniella G.	SOLIS, Alfredo III
OPAGUE, Charles Denver M.	SOLIVEN, Maria Thea L.
TAN, Meagan Chloe L.	SOLIVEN, Maria Thea L.
GUERRERO, Daniella Annika A.	SONOY, Traci Mireille G.
YAO, Alysa C.	SOON, Riane Ailey S.
FORNEA, Janelle Dzane H.	SUAREZ, Louella Jade R.
REY, Carlos Rico J	SUZARA, Matteo Francesco M.
ESLABON, Raine Isabel L.	SUZARA, Matteo Francesco M.
IRIOLA, Emmanuel T.	SUZARA, Matteo Francesco M.
TAN, Antonio Lorenzo Y.	SYLIONGTAY, Aeron Lester N.
PANGILINAN, Ian B.	SYLIONGTAY, Aeron Lester N.
GALLARDO, Vince Lorenzo	SYLIONGTAY, Aeron Lester N.
LEE, Richley Stefan G.	SYLIONGTAY, Aeron Lester N.
MAGLALANG, Mykaela Matthea D.	TAN, Annika Karielle P.
DIZON, Ryen Gabriel M.	TAN, Antonio Lorenzo Y.
YU, Patricia Elizabeth Y.	TAN, Bianca Louise G.
NETHERCOTT, Margaret Sophia A.	TAN, Catherine Joyce Z.
WANG, Adrienne Lyndly O.	TAN, Gavin Rain B.
GARCIA, Ariana S.	TAN, Gavin Rain B.
SY, Faith Katrine C.	TAN, Johann Jason Eashoa C.
ARANETA, Veronica Marie M.	TAN, Kenrick Steven T.
MAGTIBAY, Paolo Raphael G.	TAN, Kenrick Steven T.
PASCUAL, Jobe Angelo A.	TAN, Kenrick Steven T.
NAVAL, Victoria Isabelle S.	TAN, Meagan Chloe L.
MANGILIN, Marie Arianna F.	TAN, Mikaela Marie Y.
QUIAMBAO, Mac Arsen L.	TAN, Paris Noelle C.
AQUINO, Regina S.	TAN, Paris Noelle C.
MEARNS, Jeff Nathan E.	TAN, Paris Noelle C.
VELASCO, Mikaela Gabrielle L.	TAN, Saskia Bernice C.
TIROL, Inigo Lorenzo A.	TANGO, Samuel M.
RODIL, Maria Isabel Francesca O.	TANILON, Eunice Gayle Y.
PENEYRA, Matteo Reuben B.	TANTOCO, Ricardo Nicolo O.
MANSUETO, Stephen Daeniel	TEKIKO, Joey Aoshi R.
DOMINGUEZ, Elian Santino C.	TEKIKO, Joey Aoshi R.
HAYCO, Evonne Valerie O.	TI, Georgina C.
TANGO, Samuel M.	TIANGCO, Adriane Zen Y.
TAN, Annika Karielle P.	TIAOQUI, Ana Mattia G.
ALARCON, Ken Miguel V.	TINIO, Julian Jacob E.
FALCON, Jose Iñigo P.	TIROL, Inigo Lorenzo A.
HERBOSA, Alessandro Lorenzo F.	TIU, Ted Samuel S.
MALLILLIN, Ian Dominic II	TOMELDEN, Maxwell Bennet Q.
ABAD, Dustin Paolo S.	TOMELDEN, Maxwell Bennet Q.
CHUA, Carina Monica A.	TOMELDEN, Maxwell Bennet Q.
REYES, Gabriella O.	TORRES, Jana Alexi Q.
JARA, Francine Marie S.	TORRES, Jana Alexi Q.
BRIGADO, Keefe Reinier Y	TRILLANA, Ana Francesca Eugenie F.
LOZANO, Enya Marguerite A.	TRILLANA, Ana Francesca Eugenie F.
COROS, Marco Luis G.	TSUI, Victoria Therese R.
CASTRO, Marcus Jaden G.	TY, Jacob Nicholas H.
RICAFORT, Samantha Marita F.	UEDA, Fumiya Kyle M.
ABION, Yuki Patricia A.	UNTAL, Dawn Godfaith S.
TO, Lois Abigail D.	UYGUANGCO, Enrico Raphael P.
REYES, Louise Ada N.	VALDEZ, Juliana Ysabelle S.
ANG, Jana Gillian O.	VALDEZ, Juliana Ysabelle S.
OZAWA, Otoha H.	VALDEZ, Juliana Ysabelle S.
EMATA, Raya Elise C.	VARGAS, Nicole Ann E.
JAURIGUE, Camille Victoria G.	VELASCO, Mikaela Gabrielle L.
YAP, Leo Isaiah III P.	VICENCIO, Maya Francesca R.
MURGA, Isabella Francesca S.	VICENTE, Sabina Mariel S.
PANGILINAN, Angel Gabrielle P.	VICENTE, Sabina Mariel S.
MERCADO, Lance Patrick S.	WANG, Adrienne Lyndly O.
WONG, Lauren Mielle L.	WEEHANSUH, Janae Faith S.
GOCHIAN, Alexandra Brianne B.	YAO, Alysa C.
UEDA, Fumiya Kyle M.	YAP, Leo Isaiah III P.
DAVID, Estelle Louise	YLAGAN, Mariane Dominique F.
CHUASIAOKONG, Kyla Louise A.	YSRAEL, Julianne Francesca B.
TIU, Caitlin Mikayla T.	YU, Patricia Elizabeth Y.
ILAGAN, Jose Ramon S.	ZULUETA, Pia Ysabel B.
